Time,Attacker,Victim,Attack Type,1,2,3,4
1012000,2,1,M,-1.0,1.0,0.0,0.0
1019000,2,1,C,-1.0,1.0,0.0,0.0
1023000,2,1,F,-1.0,1.0,0.0,0.0
1048000,2,1,F,-1.0,1.0,0.0,0.0
1394000,1,3,F,0.0,2.0,-2.0,0.0
1424000,1,2,S,0.3999999999999998,1.4,-1.8,0.0
1444000,1,2,F,0.6666666666666665,0.9999999999999999,-1.6666666666666665,0.0
2437000,1,2,F,0.8571428571428573,0.7142857142857143,-1.5714285714285714,0.0
2463000,1,4,F,1.857142857142857,1.2857142857142856,-1.5714285714285714,-1.5714285714285714
2470000,2,4,S,2.285714285714286,2.285714285714286,-1.5714285714285714,-3.0
2487000,1,4,F,2.285714285714286,2.285714285714286,-1.5714285714285714,-3.0
2489000,1,4,F,2.285714285714286,2.285714285714286,-1.5714285714285714,-3.0
2491000,1,4,F,2.285714285714286,2.285714285714286,-1.5714285714285714,-3.0
2497000,1,4,F,2.285714285714286,2.285714285714286,-1.5714285714285714,-3.0
2550000,1,3,M,2.285714285714286,2.285714285714286,-1.5714285714285714,-3.0
2556000,1,3,M,2.285714285714286,2.285714285714286,-1.5714285714285714,-3.0
2560000,1,3,S,2.285714285714286,2.285714285714286,-1.5714285714285714,-3.0
3234000,1,2,M,2.5,2.0,-1.5,-3.0
3250000,2,1,C,2.333333333333333,2.2222222222222223,-1.5555555555555556,-3.0
3284000,1,3,F,2.333333333333333,2.2222222222222223,-1.5555555555555556,-3.0
3288000,1,3,F,2.333333333333333,2.2222222222222223,-1.5555555555555556,-3.0
3297000,1,3,F,2.333333333333333,2.2222222222222223,-1.5555555555555556,-3.0
3309000,2,1,F,2.2,2.4000000000000004,-1.6,-3.0
3321000,1,3,F,2.2,2.4000000000000004,-1.6,-3.0
3340000,2,1,C,2.0909090909090913,2.5454545454545454,-1.6363636363636362,-3.0
3351000,2,1,C,1.9999999999999996,2.666666666666666,-1.6666666666666665,-3.0
3352000,1,3,F,1.9999999999999996,2.666666666666666,-1.6666666666666665,-3.0
3357000,2,1,M,1.9230769230769227,2.769230769230769,-1.6923076923076923,-3.0
3374000,2,1,F,1.857142857142857,2.8571428571428577,-1.7142857142857144,-3.0
3381000,2,3,S,2.1428571428571423,3.8571428571428577,-3.0,-3.0
3387000,1,2,F,2.333333333333333,3.6666666666666656,-3.0,-3.0
3396000,1,2,F,2.5,3.5,-3.0,-3.0
3402000,1,2,F,2.6470588235294112,3.352941176470588,-3.0,-3.0
3404000,1,2,C,2.7777777777777777,3.2222222222222223,-3.0,-3.0
3410000,1,2,F,2.8947368421052637,3.1052631578947367,-3.0,-3.0
3416000,1,2,C,3.0,3.0,-3.0,-3.0
3985000,1,2,M,3.095238095238095,2.9047619047619047,-3.0,-3.0
3997000,2,1,F,3.0,3.0,-3.0,-3.0
5481000,2,3,M,3.0,3.0,-3.0,-3.0
5495000,2,3,M,3.0,3.0,-3.0,-3.0
5509000,2,3,F,3.0,3.0,-3.0,-3.0
5517000,2,3,F,3.0,3.0,-3.0,-3.0
5522000,2,3,F,3.0,3.0,-3.0,-3.0
5527000,2,3,F,3.0,3.0,-3.0,-3.0
5532000,2,3,F,3.0,3.0,-3.0,-3.0
5545000,2,3,F,3.0,3.0,-3.0,-3.0
5556000,2,3,F,3.0,3.0,-3.0,-3.0
5568000,2,3,F,3.0,3.0,-3.0,-3.0
5578000,2,3,F,3.0,3.0,-3.0,-3.0
5599000,3,4,S,4.0,4.0,-2.0,-6.0
5643000,1,4,M,4.0,4.0,-2.0,-6.0
5790000,1,3,F,4.0,4.0,-2.0,-6.0
5798000,1,3,S,4.0,4.0,-2.0,-6.0
5812000,1,2,M,4.08695652173913,3.9130434782608696,-2.0,-6.0
5841000,1,3,M,4.08695652173913,3.9130434782608696,-2.0,-6.0
5843000,3,1,L,3.7792642140468224,3.9130434782608696,-1.6923076923076925,-6.0
5847000,1,3,M,3.801242236024845,3.913043478260869,-1.7142857142857144,-6.0
5848000,2,1,F,3.7142857142857153,4.0,-1.7142857142857144,-6.0
5849000,2,1,F,3.6342857142857143,4.079999999999999,-1.7142857142857144,-6.0
5851000,1,3,F,3.6533333333333333,4.079999999999999,-1.7333333333333334,-6.0
5856000,1,3,F,3.670000000000001,4.08,-1.75,-6.0
5857000,1,3,C,3.684705882352941,4.08,-1.7647058823529411,-6.0
5859000,2,1,F,3.610859728506787,4.153846153846153,-1.7647058823529413,-6.0
5864000,2,3,F,3.610859728506787,4.153846153846153,-1.7647058823529413,-6.0
5868000,2,1,C,3.5424836601307184,4.222222222222221,-1.7647058823529413,-6.0
5873000,1,3,F,3.555555555555555,4.222222222222221,-1.7777777777777777,-6.0
5877000,1,2,M,3.634920634920634,4.142857142857143,-1.777777777777778,-6.0
5899000,2,1,F,3.5708812260536402,4.206896551724139,-1.7777777777777777,-6.0
6158000,3,2,F,3.5708812260536402,3.9211822660098514,-1.492063492063492,-6.0
6164000,2,3,F,3.57088122605364,3.9402298850574717,-1.511111111111111,-6.0
6167000,1,3,M,3.582577132486388,3.9402298850574704,-1.5228070175438595,-6.0
6170000,3,4,F,3.582577132486388,3.9402298850574704,-1.5228070175438595,-6.0
6174000,1,3,M,3.593103448275862,3.940229885057471,-1.5333333333333332,-6.0
6181000,2,3,F,3.593103448275862,3.9568965517241383,-1.55,-6.0
6187000,1,2,F,3.666666666666666,3.883333333333333,-1.55,-6.0
6190000,1,2,F,3.7354838709677414,3.8145161290322567,-1.5499999999999998,-6.0
6198000,1,3,M,3.7450076804915513,3.8145161290322585,-1.5595238095238093,-6.0
6213000,2,1,F,3.68452380952381,3.875,-1.5595238095238093,-6.0
6219000,1,3,F,3.693181818181818,3.875,-1.5681818181818181,-6.0
6243000,1,3,F,3.701086956521739,3.875,-1.576086956521739,-6.0
6250000,2,1,M,3.6442687747035576,3.9318181818181817,-1.5760869565217392,-6.0
6262000,1,4,F,3.6442687747035576,3.9318181818181817,-1.5760869565217392,-6.0
6266000,1,4,S,3.6442687747035576,3.9318181818181817,-1.5760869565217392,-6.0
6273000,1,4,S,3.6442687747035576,3.9318181818181817,-1.5760869565217392,-6.0
6547000,1,3,M,3.651515151515152,3.9318181818181808,-1.5833333333333333,-6.0
6555000,1,3,C,3.6581818181818178,3.931818181818181,-1.5899999999999999,-6.0
6570000,1,3,M,3.6643356643356637,3.9318181818181817,-1.5961538461538463,-6.0
6581000,2,1,F,3.610859728506787,3.9852941176470584,-1.5961538461538463,-6.0
6582000,2,3,F,3.610859728506788,4.0,-1.6108597285067872,-6.0
6587000,2,1,F,3.5604395604395607,4.050420168067227,-1.610859728506787,-6.0
6590000,1,3,F,3.566137566137566,4.050420168067227,-1.616557734204793,-6.0
6594000,3,1,C,3.4285714285714284,4.050420168067227,-1.4789915966386555,-6.0
6605000,3,1,M,3.300492610837438,4.050420168067227,-1.3509127789046653,-6.0
6610000,1,3,F,3.314285714285714,4.050420168067227,-1.3647058823529414,-6.0
6614000,3,2,C,3.314285714285714,3.8412698412698414,-1.1555555555555554,-6.0
6619000,3,2,F,3.314285714285714,3.654135338345864,-0.9684210526315786,-6.0
6625000,1,3,M,3.3271889400921646,3.654135338345864,-0.9813242784380307,-6.0
6626000,3,2,F,3.3271889400921664,3.4857142857142867,-0.8129032258064515,-6.0
6629000,3,2,C,3.327188940092165,3.3333333333333326,-0.660522273425499,-6.0
6630000,1,3,C,3.3392857142857144,3.3333333333333326,-0.6726190476190474,-6.0
6637000,2,1,F,3.2916666666666665,3.3809523809523814,-0.6726190476190474,-6.0
7566000,2,1,F,3.246621621621621,3.4259974259974264,-0.6726190476190477,-6.0
7571000,2,4,F,3.246621621621621,3.4259974259974264,-0.6726190476190477,-6.0
7608000,1,3,F,3.2579852579852577,3.425997425997426,-0.6839826839826844,-6.0
7632000,2,1,C,3.2153110047846885,3.4686716791979952,-0.6839826839826841,-6.0
7635000,1,3,F,3.2260061919504643,3.4686716791979957,-0.6946778711484591,-6.0
7636000,2,1,F,3.1855203619909496,3.509157509157509,-0.6946778711484591,-6.0
7667000,1,3,F,3.195604395604395,3.50915750915751,-0.7047619047619047,-6.0
7668000,2,1,F,3.157142857142857,3.5476190476190474,-0.7047619047619047,-6.0
7672000,1,4,C,3.157142857142857,3.5476190476190474,-0.7047619047619047,-6.0
7677000,1,4,S,3.157142857142857,3.5476190476190474,-0.7047619047619047,-6.0
7685000,1,4,S,3.157142857142857,3.5476190476190474,-0.7047619047619047,-6.0
9058000,1,4,M,3.157142857142857,3.5476190476190474,-0.7047619047619047,-6.0
9069000,1,4,F,3.157142857142857,3.5476190476190474,-0.7047619047619047,-6.0
9072000,2,1,F,3.120557491289198,3.584204413472706,-0.7047619047619049,-6.0
9077000,1,4,F,3.120557491289198,3.584204413472706,-0.7047619047619049,-6.0
9097000,1,4,S,3.120557491289198,3.584204413472706,-0.7047619047619049,-6.0
9129000,1,3,F,3.1300813008130075,3.5842044134727065,-0.7142857142857142,-6.0
9132000,3,2,C,3.1300813008130075,3.4456762749445673,-0.5757575757575761,-6.0
9169000,1,3,F,3.1390903098220173,3.4456762749445673,-0.5847665847665853,-6.0
9179000,3,2,C,3.139090309822017,3.319194061505832,-0.45828437132784905,-6.0
9202000,2,1,C,3.1042471042471043,3.3540372670807455,-0.4582843713278495,-6.0
9205000,1,4,M,3.1042471042471043,3.3540372670807455,-0.4582843713278495,-6.0
10644000,1,3,C,3.1127819548872178,3.354037267080745,-0.46681922196796366,-6.0
10652000,1,3,L,3.1208791208791204,3.354037267080745,-0.47491638795986657,-6.0
10925000,1,3,M,3.128571428571429,3.3540372670807455,-0.4826086956521738,-6.0
10935000,1,3,F,3.1358885017421603,3.3540372670807455,-0.4899257688229057,-6.0
10941000,1,3,F,3.1428571428571423,3.354037267080745,-0.49689440993788847,-6.0
10952000,1,3,M,3.149501661129568,3.3540372670807455,-0.5035389282103133,-6.0
10987000,1,4,F,3.149501661129568,3.3540372670807455,-0.5035389282103133,-6.0
10994000,1,4,F,3.149501661129568,3.3540372670807455,-0.5035389282103133,-6.0
11003000,1,4,F,3.149501661129568,3.3540372670807455,-0.5035389282103133,-6.0
11455000,1,3,M,3.1558441558441555,3.354037267080745,-0.5098814229249014,-6.0
11470000,1,3,C,3.161904761904761,3.354037267080745,-0.5159420289855072,-6.0
11507000,3,4,S,3.161904761904761,3.354037267080745,-0.5159420289855072,-6.0
11524000,1,4,S,3.161904761904761,3.354037267080745,-0.5159420289855072,-6.0
11525000,1,3,C,3.1677018633540373,3.354037267080745,-0.5217391304347827,-6.0
11573000,1,3,C,3.1732522796352587,3.354037267080745,-0.5272895467160039,-6.0
11584000,1,3,C,3.1785714285714284,3.3540372670807455,-0.5326086956521738,-6.0
12372000,1,2,F,3.238372093023255,3.2942366026289176,-0.5326086956521738,-6.0
12403000,1,4,M,3.238372093023255,3.2942366026289176,-0.5326086956521738,-6.0
12407000,2,1,F,3.204545454545454,3.3280632411067197,-0.5326086956521736,-6.0
12413000,1,4,F,3.204545454545454,3.3280632411067197,-0.5326086956521736,-6.0
12420000,1,3,F,3.2096474953617813,3.3280632411067197,-0.5377107364685003,-6.0
12425000,2,3,F,3.209647495361782,3.378787878787879,-0.5884353741496595,-6.0
12468000,1,2,F,3.2662131519274378,3.322222222222223,-0.5884353741496597,-6.0
12927000,1,3,F,3.271111111111111,3.322222222222222,-0.5933333333333337,-6.0
12963000,2,4,S,3.271111111111111,3.322222222222222,-0.5933333333333337,-6.0
12967000,1,4,F,3.271111111111111,3.322222222222222,-0.5933333333333337,-6.0
15359000,1,3,M,3.2758169934640518,3.322222222222223,-0.5980392156862742,-6.0
15368000,1,3,C,3.28034188034188,3.322222222222222,-0.6025641025641022,-6.0
15376000,1,3,F,3.2846960167714885,3.3222222222222224,-0.6069182389937107,-6.0
15382000,1,3,M,3.2888888888888883,3.3222222222222224,-0.6111111111111109,-6.0
15624000,1,3,F,3.2929292929292933,3.3222222222222224,-0.615151515151515,-6.0
15722000,1,3,C,3.2968253968253975,3.3222222222222237,-0.6190476190476186,-6.0
15724000,1,3,M,3.300584795321637,3.322222222222223,-0.6228070175438596,-6.0
15735000,3,4,S,3.300584795321637,3.322222222222223,-0.6228070175438596,-6.0
15740000,1,4,F,3.300584795321637,3.322222222222223,-0.6228070175438596,-6.0
18062000,1,2,M,3.354691075514875,3.2681159420289863,-0.6228070175438598,-6.0
18071000,1,2,M,3.4064949608062713,3.216312056737589,-0.6228070175438596,-6.0
18078000,1,2,M,3.456140350877192,3.166666666666667,-0.6228070175438596,-6.0
18084000,1,2,F,3.50375939849624,3.1190476190476186,-0.6228070175438596,-6.0
18092000,1,2,C,3.5494736842105254,3.0733333333333337,-0.6228070175438596,-6.0
18298000,1,2,M,3.5933952528379765,3.0294117647058822,-0.6228070175438596,-6.0
18399000,1,4,F,3.5933952528379765,3.0294117647058822,-0.6228070175438596,-6.0
18402000,2,1,C,3.5587044534412957,3.064102564102564,-0.6228070175438596,-6.0
18417000,1,2,M,3.6007944389275077,3.0220125786163523,-0.6228070175438596,-6.0
18435000,1,2,M,3.6413255360623786,2.981481481481482,-0.6228070175438596,-6.0
19034000,2,1,F,3.607655502392344,3.0151515151515156,-0.6228070175438596,-6.0
19080000,2,3,F,3.607655502392344,3.0618181818181816,-0.669473684210526,-6.0
20900000,2,3,F,3.607655502392344,3.1048951048951055,-0.712550607287449,-6.0
20964000,2,4,M,3.607655502392344,3.1048951048951055,-0.712550607287449,-6.0
20967000,2,4,F,3.607655502392344,3.1048951048951055,-0.712550607287449,-6.0
20976000,2,4,F,3.607655502392344,3.1048951048951055,-0.712550607287449,-6.0
21131000,2,4,S,3.607655502392344,3.1048951048951055,-0.712550607287449,-6.0
21184000,2,3,C,3.6076555023923444,3.144781144781145,-0.7524366471734893,-6.0
21481000,2,3,S,3.607655502392344,3.181818181818182,-0.7894736842105261,-6.0
21541000,2,4,F,3.607655502392344,3.181818181818182,-0.7894736842105261,-6.0
21694000,2,4,M,3.607655502392344,3.181818181818182,-0.7894736842105261,-6.0
21700000,2,4,M,3.607655502392344,3.181818181818182,-0.7894736842105261,-6.0
21995000,1,2,F,3.6466165413533838,3.142857142857143,-0.7894736842105265,-6.0
22008000,2,1,F,3.6140350877192975,3.1754385964912277,-0.7894736842105261,-6.0
22015000,1,2,F,3.6515426497277668,3.137931034482758,-0.7894736842105261,-6.0
22082000,1,2,C,3.687778768956289,3.101694915254237,-0.7894736842105263,-6.0
22087000,1,2,F,3.7228070175438583,3.0666666666666673,-0.7894736842105265,-6.0
22243000,1,2,M,3.756686798964625,3.0327868852459012,-0.7894736842105263,-6.0
22567000,1,2,M,3.7894736842105257,3.0000000000000004,-0.7894736842105261,-6.0
22577000,1,2,M,3.8212197159565573,2.9682539682539684,-0.7894736842105261,-6.0
22593000,2,1,C,3.7894736842105257,3.0000000000000004,-0.7894736842105261,-6.0
22623000,2,3,F,3.789473684210527,3.03448275862069,-0.8239564428312156,-6.0
22632000,2,3,F,3.789473684210526,3.066666666666666,-0.8561403508771932,-6.0
22767000,1,2,M,3.8202429149797563,3.0358974358974358,-0.8561403508771932,-6.0
22772000,1,2,M,3.850079744816586,3.006060606060606,-0.8561403508771928,-6.0
23635000,1,4,S,3.850079744816586,3.006060606060606,-0.8561403508771928,-6.0
23996000,2,4,S,3.850079744816586,3.006060606060606,-0.8561403508771928,-6.0
24716000,1,3,M,3.8537095088819227,3.006060606060606,-0.859770114942529,-6.0
24722000,1,3,M,3.857216230097586,3.006060606060606,-0.8632768361581924,-6.0
24773000,1,2,F,3.8861624082974955,2.977114427860697,-0.8632768361581922,-6.0
24784000,1,2,M,3.9142572283150545,2.9490196078431365,-0.8632768361581922,-6.0
24790000,2,1,F,3.8835666912306555,2.9797101449275374,-0.8632768361581922,-6.0
24803000,2,1,F,3.853753026634383,3.0095238095238095,-0.8632768361581924,-6.0
24809000,1,2,F,3.8811172117450465,2.9821596244131463,-0.8632768361581924,-6.0
24848000,2,4,C,3.8811172117450465,2.9821596244131463,-0.8632768361581924,-6.0
24851000,2,4,F,3.8811172117450465,2.9821596244131463,-0.8632768361581924,-6.0
24856000,2,4,F,3.8811172117450465,2.9821596244131463,-0.8632768361581924,-6.0
24893000,2,4,F,3.8811172117450465,2.9821596244131463,-0.8632768361581924,-6.0
24900000,2,4,F,3.8811172117450465,2.9821596244131463,-0.8632768361581924,-6.0
24935000,1,4,F,3.8811172117450465,2.9821596244131463,-0.8632768361581924,-6.0
24941000,1,4,F,3.8811172117450465,2.9821596244131463,-0.8632768361581924,-6.0
24946000,1,4,F,3.8811172117450465,2.9821596244131463,-0.8632768361581924,-6.0
25077000,1,2,M,3.9077212806026367,2.9555555555555557,-0.863276836158192,-6.0
25164000,1,2,C,3.9335964708613886,2.9296803652968038,-0.8632768361581924,-6.0
25169000,1,2,F,3.958772331653688,2.904504504504504,-0.8632768361581924,-6.0
25174000,2,1,F,3.929943502824859,2.9333333333333336,-0.8632768361581922,-6.0
26380000,1,2,M,3.9545049063336304,2.908771929824561,-0.8632768361581924,-6.0
26405000,1,2,C,3.9784283513097063,2.8848484848484848,-0.8632768361581922,-6.0
26619000,2,4,F,3.9784283513097063,2.8848484848484848,-0.8632768361581922,-6.0
27530000,1,2,M,4.001738374619731,2.861538461538462,-0.8632768361581924,-6.0
27540000,1,2,C,4.024458270757348,2.838818565400844,-0.863276836158192,-6.0
27547000,1,2,M,4.046610169491525,2.8166666666666664,-0.8632768361581924,-6.0
27558000,1,3,M,4.050000000000001,2.816666666666667,-0.8666666666666671,-6.0
27568000,2,3,F,4.050000000000001,2.846774193548388,-0.8967741935483868,-6.0
27594000,2,4,F,4.050000000000001,2.846774193548388,-0.8967741935483868,-6.0
27605000,2,4,F,4.050000000000001,2.846774193548388,-0.8967741935483868,-6.0
27903000,1,2,F,4.071604938271604,2.8251692552767818,-0.8967741935483868,-6.0
27910000,1,2,M,4.0926829268292675,2.8040912667191193,-0.8967741935483868,-6.0
27922000,2,1,C,4.065060240963856,2.831713952584532,-0.896774193548387,-6.0
27951000,1,4,F,4.065060240963856,2.831713952584532,-0.896774193548387,-6.0
27954000,2,4,F,4.065060240963856,2.831713952584532,-0.896774193548387,-6.0
27957000,1,2,M,4.085714285714285,2.8110599078341014,-0.896774193548387,-6.0
27975000,2,3,S,4.085714285714285,2.839285714285715,-0.9249999999999998,-6.0
27976000,1,3,M,4.0889929742388755,2.839285714285715,-0.9282786885245902,-6.0
27986000,1,3,M,4.092165898617512,2.8392857142857144,-0.931451612903226,-6.0
28302000,1,2,M,4.112333965844403,2.8191176470588237,-0.931451612903226,-6.0
28304000,2,1,C,4.085521380345086,2.84593023255814,-0.931451612903226,-6.0
28311000,2,4,S,4.085521380345086,2.84593023255814,-0.931451612903226,-6.0
28370000,1,2,M,4.1053021876158695,2.8261494252873556,-0.9314516129032258,-6.0
28398000,1,2,M,4.124633431085044,2.806818181818182,-0.931451612903226,-6.0
28821000,2,4,F,4.124633431085044,2.806818181818182,-0.931451612903226,-6.0
28825000,2,4,F,4.124633431085044,2.806818181818182,-0.931451612903226,-6.0
29212000,1,2,M,4.14353026458862,2.7879213483146064,-0.931451612903226,-6.0
29219000,1,2,C,4.162007168458782,2.769444444444445,-0.931451612903226,-6.0
29243000,2,4,S,4.162007168458782,2.769444444444445,-0.931451612903226,-6.0
29276000,2,4,S,4.162007168458782,2.769444444444445,-0.931451612903226,-6.0
29323000,1,2,F,4.180077986529599,2.7513736263736255,-0.9314516129032258,-6.0
29327000,1,2,F,4.197755960729314,2.7336956521739135,-0.9314516129032258,-6.0
30034000,2,4,S,4.197755960729314,2.7336956521739135,-0.9314516129032258,-6.0
30106000,2,1,M,4.172043010752688,2.7594086021505375,-0.931451612903226,-6.0
30111000,1,2,F,4.189430336307481,2.742021276595745,-0.9314516129032258,-6.0
30127000,1,2,M,4.2064516129032254,2.7250000000000005,-0.931451612903226,-6.0
30131000,1,4,S,4.2064516129032254,2.7250000000000005,-0.931451612903226,-6.0
30136000,1,2,F,4.223118279569892,2.708333333333333,-0.931451612903226,-6.0
30141000,1,2,M,4.239441303624876,2.6920103092783503,-0.931451612903226,-6.0
30144000,2,1,C,4.214614878209349,2.716836734693878,-0.931451612903226,-6.0
30146000,1,2,F,4.23069403714565,2.700757575757576,-0.9314516129032258,-6.0
30149000,2,1,C,4.2064516129032254,2.7250000000000005,-0.931451612903226,-6.0
30151000,1,2,F,4.222293197061642,2.709158415841584,-0.9314516129032258,-6.0
30154000,2,1,F,4.198608475648324,2.732843137254901,-0.931451612903226,-6.0
30163000,2,1,C,4.175383651738176,2.756067961165048,-0.931451612903226,-6.0
30167000,1,2,F,4.191066997518611,2.740384615384615,-0.931451612903226,-6.0
30176000,1,2,C,4.2064516129032254,2.7250000000000005,-0.931451612903226,-6.0
30181000,1,2,F,4.221545952525868,2.709905660377359,-0.931451612903226,-6.0
30186000,1,2,C,4.2363581549593015,2.6950934579439263,-0.931451612903226,-6.0
30194000,1,2,F,4.250896057347671,2.6805555555555554,-0.931451612903226,-6.0
30208000,1,2,F,4.265167209233501,2.6662844036697244,-0.931451612903226,-6.0
30224000,2,4,F,4.265167209233501,2.6662844036697244,-0.931451612903226,-6.0
30232000,2,4,F,4.265167209233501,2.6662844036697244,-0.931451612903226,-6.0
30235000,1,2,F,4.279178885630499,2.6522727272727273,-0.931451612903226,-6.0
30241000,2,4,C,4.279178885630499,2.6522727272727273,-0.931451612903226,-6.0
30258000,1,2,F,4.292938099389713,2.638513513513514,-0.931451612903226,-6.0
30270000,2,4,F,4.292938099389713,2.638513513513514,-0.931451612903226,-6.0
31288000,2,4,F,4.292938099389713,2.638513513513514,-0.931451612903226,-6.0
31831000,1,2,C,4.306451612903225,2.625,-0.931451612903226,-6.0
32264000,1,2,F,4.319725949186412,2.6117256637168147,-0.931451612903226,-6.0
33458000,1,2,F,4.33276740237691,2.5986842105263155,-0.9314516129032258,-6.0
33474000,1,2,F,4.345582047685834,2.5858695652173913,-0.931451612903226,-6.0
33480000,1,2,F,4.35817575083426,2.5732758620689644,-0.931451612903226,-6.0
33487000,1,2,F,4.37055417700579,2.560897435897436,-0.931451612903226,-6.0
33538000,2,4,F,4.37055417700579,2.560897435897436,-0.931451612903226,-6.0
33544000,2,4,F,4.37055417700579,2.560897435897436,-0.931451612903226,-6.0
33628000,1,2,M,4.382722799343904,2.5487288135593227,-0.931451612903226,-6.0
33637000,1,2,F,4.394686907020873,2.536764705882353,-0.931451612903226,-6.0
33650000,1,2,F,4.406451612903226,2.5250000000000004,-0.9314516129032258,-6.0
33657000,1,2,F,4.4180218608371105,2.5134297520661164,-0.931451612903226,-6.0
36204000,1,2,M,4.429402432575358,2.502049180327869,-0.9314516129032258,-6.0
36205000,1,2,C,4.440597954366641,2.490853658536586,-0.931451612903226,-6.0
36212000,1,2,M,4.451612903225807,2.479838709677419,-0.9314516129032258,-6.0
36232000,1,4,S,4.451612903225807,2.479838709677419,-0.9314516129032258,-6.0
36845000,1,2,M,4.462451612903227,2.4690000000000003,-0.931451612903226,-6.0
36850000,1,2,C,4.473118279569892,2.458333333333333,-0.9314516129032258,-6.0
36859000,1,2,F,4.483616967233935,2.4478346456692917,-0.9314516129032258,-6.0
37678000,1,2,M,4.493951612903225,2.4375,-0.931451612903226,-6.0
37694000,1,2,M,4.504126031507877,2.427325581395349,-0.931451612903226,-6.0
37721000,1,2,F,4.514143920595533,2.417307692307692,-0.931451612903226,-6.0
37840000,2,1,C,4.493474513666585,2.437977099236641,-0.931451612903226,-6.0
37847000,2,3,C,4.493474513666584,2.4644922507517926,-0.9579667644183774,-6.0
37851000,2,3,F,4.493474513666584,2.4894476874719356,-0.9829222011385197,-6.0
38299000,1,2,S,4.503421309872923,2.4795008912655976,-0.9829222011385197,-6.0
38302000,1,2,C,4.513218530196458,2.469703670942061,-0.9829222011385197,-6.0
46692000,1,2,F,4.5228695233509875,2.460052677787533,-0.9829222011385197,-6.0
46728000,1,3,S,4.52594171997157,2.460052677787533,-0.9859943977591035,-6.0
47150000,1,4,S,4.52594171997157,2.460052677787533,-0.9859943977591035,-6.0
85177000,1,2,S,4.535449735449735,2.4505446623093685,-0.9859943977591037,-6.0
85194000,2,1,S,4.515406162464986,2.4705882352941178,-0.9859943977591035,-6.0
85901000,1,2,S,4.524852276677095,2.4611421210820095,-0.9859943977591035,-6.0
88948000,2,4,S,4.524852276677095,2.4611421210820095,-0.9859943977591035,-6.0
89286000,2,4,F,4.524852276677095,2.4611421210820095,-0.9859943977591035,-6.0
89330000,1,2,S,4.534161490683229,2.4518329070758735,-0.9859943977591037,-6.0
89343000,1,2,S,4.543336759164096,2.442657638595006,-0.9859943977591037,-6.0
89351000,1,2,F,4.552380952380952,2.4336134453781515,-0.9859943977591037,-6.0
89363000,1,2,F,4.561296859169199,2.4246975385899043,-0.9859943977591035,-6.0
89374000,2,1,F,4.541918175720992,2.444076222038111,-0.9859943977591035,-6.0
89731000,1,2,F,4.55078255078255,2.435211846976553,-0.9859943977591037,-6.0
93580000,1,2,S,4.559523809523809,2.426470588235294,-0.9859943977591037,-6.0
94240000,2,3,S,4.559523809523809,2.45,-1.0095238095238095,-6.0
94869000,2,4,S,4.559523809523809,2.45,-1.0095238095238095,-6.0
95007000,2,4,S,4.559523809523809,2.45,-1.0095238095238095,-6.0
99458000,1,2,S,4.568144499178981,2.4413793103448276,-1.0095238095238095,-6.0
99852000,2,4,S,4.568144499178981,2.4413793103448276,-1.0095238095238095,-6.0
100316000,2,1,F,4.54924983692107,2.4602739726027387,-1.0095238095238097,-6.0
100351000,1,2,F,4.5578231292517,2.4517006802721086,-1.0095238095238095,-6.0
101342000,2,4,S,4.5578231292517,2.4517006802721086,-1.0095238095238095,-6.0
103545000,4,3,S,4.557823129251701,2.4517006802721086,-1.8095238095238095,-5.199999999999999
103599000,4,3,F,4.557823129251701,2.4517006802721086,-2.342857142857143,-4.666666666666666
103822000,4,3,S,4.557823129251701,2.4517006802721086,-2.723809523809524,-4.285714285714286
103849000,1,4,S,4.557823129251701,2.4517006802721086,-2.723809523809524,-4.285714285714286
103929000,4,3,S,4.5578231292517,2.4517006802721086,-3.0095238095238095,-4.0
106899000,4,3,S,4.557823129251701,2.4517006802721086,-3.231746031746032,-3.7777777777777777
108724000,1,2,F,4.566280566280566,2.443243243243243,-3.231746031746032,-3.7777777777777777
108796000,2,1,F,4.547778843080856,2.4617449664429536,-3.231746031746032,-3.7777777777777777
108984000,2,4,F,4.547778843080856,2.4617449664429536,-3.231746031746032,-3.7777777777777777
109019000,2,4,F,4.547778843080856,2.4617449664429536,-3.231746031746032,-3.7777777777777777
110707000,2,3,F,4.547778843080856,2.4839671886651757,-3.253968253968254,-3.7777777777777777
112500000,2,3,F,4.547778843080857,2.5049882096861964,-3.2749892749892746,-3.7777777777777777
113608000,1,2,S,4.556190476190476,2.496576576576577,-3.274989274989275,-3.7777777777777777
113662000,1,2,F,4.564490696941028,2.488276355826024,-3.274989274989275,-3.777777777777778
113666000,2,4,S,4.564490696941028,2.488276355826024,-3.274989274989275,-3.777777777777778
113685000,2,4,S,4.564490696941028,2.488276355826024,-3.274989274989275,-3.777777777777778
114135000,2,4,F,4.564490696941028,2.488276355826024,-3.274989274989275,-3.777777777777778
114514000,1,2,S,4.572681704260651,2.480085348506401,-3.2749892749892746,-3.7777777777777777
114585000,2,4,S,4.572681704260651,2.480085348506401,-3.2749892749892746,-3.7777777777777777
115358000,2,1,S,4.5546218487394965,2.4981452040275567,-3.274989274989275,-3.777777777777778
115374000,2,1,F,4.536796536796537,2.5159705159705164,-3.274989274989275,-3.7777777777777777
115387000,2,3,F,4.536796536796537,2.5358851674641154,-3.294903926482874,-3.7777777777777777
115401000,1,2,F,4.545007680491551,2.5276740237691,-3.294903926482874,-3.7777777777777777
115410000,2,1,F,4.527472527472527,2.5452091767881244,-3.294903926482874,-3.7777777777777786
115421000,1,2,F,4.535638459205337,2.5370432450553135,-3.294903926482874,-3.7777777777777777
115425000,2,1,F,4.518384569017481,2.5542971352431714,-3.294903926482874,-3.7777777777777777
115430000,1,2,F,4.526504941599281,2.5461767626613705,-3.294903926482874,-3.7777777777777777
115452000,1,2,F,4.534523809523808,2.538157894736841,-3.294903926482874,-3.7777777777777777
115471000,2,4,S,4.534523809523808,2.538157894736841,-3.294903926482874,-3.7777777777777777
116590000,2,3,S,4.534523809523809,2.557051282051282,-3.313797313797314,-3.7777777777777777
117028000,2,4,S,4.534523809523809,2.557051282051282,-3.313797313797314,-3.7777777777777777
118487000,1,2,S,4.542443064182194,2.549132027392897,-3.3137973137973136,-3.7777777777777777
118504000,1,2,S,4.550264550264551,2.541310541310541,-3.313797313797314,-3.7777777777777777
118517000,2,4,S,4.550264550264551,2.541310541310541,-3.313797313797314,-3.7777777777777777
118537000,2,4,S,4.550264550264551,2.541310541310541,-3.313797313797314,-3.7777777777777777
118566000,2,3,S,4.550264550264551,2.55925925925926,-3.3317460317460323,-3.7777777777777786
120535000,1,2,S,4.55799006719252,2.551533742331287,-3.3317460317460323,-3.7777777777777786
120564000,1,3,S,4.560966257668712,2.551533742331288,-3.3347222222222226,-3.777777777777778
121812000,1,3,S,4.563850873053326,2.551533742331288,-3.337606837606838,-3.777777777777778
122275000,1,2,S,4.571482176360224,2.54390243902439,-3.337606837606838,-3.777777777777778
122292000,1,2,F,4.579020979020979,2.5363636363636357,-3.3376068376068377,-3.777777777777778
122304000,2,4,S,4.579020979020979,2.5363636363636357,-3.3376068376068377,-3.777777777777778
